[
  {
    "product_id":"8422dcb8-bfec-4842-962e-7e1c3f1967ad",
    "product_name":"User-centric client-server installation Jeans",
    "description":"Every still fire just similar there movement. Husband camera political hard.\nEspecially partner stage prevent. Consumer course crime. Have discover girl argue deal prove usually.",
    "category":"Clothing",
    "subcategory":"Jeans",
    "brand":"Kennedy, Burns and King",
    "price":138.1,
    "cost":87.82,
    "weight_kg":7.49,
    "dimensions_cm":"48x15x65",
    "color":"Black",
    "material":"Fabric",
    "stock_quantity":408,
    "is_active":true,
    "created_date":"2025-06-17T00:00:00.000",
    "last_updated":"2025-08-03T00:00:00.000",
    "supplier_id":"f2cd5a20-75dd-475e-843b-f4632fd20706",
    "rating_avg":2.59,
    "review_count":444
  },
  {
    "product_id":"4b1b74ad-a7a2-4c13-a656-b9a00d77bc72",
    "product_name":"Re-contextualized human-resource firmware Furniture",
    "description":"Almost interview southern any across. Mother memory career fear its whether public. South sort market order size spring. Goal prepare face source again beyond building.",
    "category":"Home & Kitchen",
    "subcategory":"Furniture",
    "brand":"Dickerson, Olsen and Thomas",
    "price":245.65,
    "cost":112.86,
    "weight_kg":19.83,
    "dimensions_cm":"78x30x76",
    "color":"Blue",
    "material":"Metal",
    "stock_quantity":73,
    "is_active":true,
    "created_date":"2025-04-21T00:00:00.000",
    "last_updated":"2025-08-02T00:00:00.000",
    "supplier_id":"4034f9cd-89e4-4f31-bb58-b4b4569c475e",
    "rating_avg":2.72,
    "review_count":701
  },
  {
    "product_id":"ecb6278a-763c-4c62-8cd9-e94f5ac92716",
    "product_name":"Persistent 4thgeneration intranet T-Shirts",
    "description":"However carry protect throughout. Religious father buy hour. Design he power discuss.",
    "category":"Clothing",
    "subcategory":"T-Shirts",
    "brand":"Hunter, Wilson and West",
    "price":206.45,
    "cost":108.81,
    "weight_kg":17.48,
    "dimensions_cm":"46x49x81",
    "color":"Black",
    "material":"Ceramic",
    "stock_quantity":312,
    "is_active":true,
    "created_date":"2024-11-01T00:00:00.000",
    "last_updated":"2025-07-26T00:00:00.000",
    "supplier_id":"ac0aedae-8011-4956-a164-7bc07d1768ce",
    "rating_avg":2.4,
    "review_count":841
  },
  {
    "product_id":"83dae9d6-39aa-4649-97b6-b6b39720e484",
    "product_name":"Proactive tertiary forecast Electronics",
    "description":"Role more car certain radio total. Degree whole hour program.\nHold left truth establish air program without. Rock hope professional between clear.",
    "category":"Automotive",
    "subcategory":"Electronics",
    "brand":"Meza, Ramos and Velazquez",
    "price":129.47,
    "cost":53.53,
    "weight_kg":40.93,
    "dimensions_cm":"30x92x52",
    "color":"Red",
    "material":"Ceramic",
    "stock_quantity":745,
    "is_active":true,
    "created_date":"2025-01-29T00:00:00.000",
    "last_updated":"2025-08-13T00:00:00.000",
    "supplier_id":"fc2d63dd-5b80-4dcc-9d15-9b3badacab0b",
    "rating_avg":1.45,
    "review_count":55
  },
  {
    "product_id":"08dcff0b-5e8b-4503-9d49-dcf364c68252",
    "product_name":"Polarized encompassing contingency Comics",
    "description":"Decision recognize describe sell star yes lead rule. Resource mind democratic industry.",
    "category":"Books",
    "subcategory":"Comics",
    "brand":"Lee, Hawkins and Walker",
    "price":46.7,
    "cost":30.85,
    "weight_kg":41.02,
    "dimensions_cm":"6x48x93",
    "color":"White",
    "material":"Wood",
    "stock_quantity":460,
    "is_active":true,
    "created_date":"2025-05-04T00:00:00.000",
    "last_updated":"2025-08-17T00:00:00.000",
    "supplier_id":"5312138d-d86f-4edb-b874-a16414fb51b4",
    "rating_avg":2.33,
    "review_count":757
  }
]